speaker_name,speaker_gender,median_f0_hz,mean_f0_hz,std_f0_hz,p10_f0_hz,p90_f0_hz,f0_range_hz,voiced_ratio_mean,voiced_ratio_std,valid_voiced_utterances
Aksara,male,150.99,169.74,65.99,118.5,209.14,90.51,0.654,0.064,1000
Dipa,male,149.43,158.68,54.18,112.7,191.13,74.93,0.553,0.093,1000
Gita,female,273.98,282.74,67.14,201.3,367.51,166.61,0.765,0.051,879
Kavi,male,158.54,204.16,100.75,109.56,379.55,265.18,0.536,0.106,879
Nanda,male,319.88,296.08,100.05,118.98,432.79,287.15,0.344,0.07,682
Pasada,female,201.51,220.09,63.25,165.44,277.14,112.35,0.68,0.07,398
Piya,male,139.51,170.83,79.96,108.87,266.7,156.23,0.549,0.095,3953
Sadda,male,210.73,219.14,95.84,121.2,398.89,278.27,0.546,0.07,1000
Sara,female,284.36,301.81,80.97,204.62,432.92,222.87,0.817,0.057,1000
Siri,female,170.31,196.04,62.89,146.56,275.07,129.38,0.849,0.056,1000
Suta,male,138.36,188.74,99.42,108.61,338.69,229.05,0.33,0.113,704
Tara,male,134.9,190.68,120.9,105.54,443.96,336.94,0.514,0.078,879
Wasa,female,205.62,224.77,65.39,174.89,272.1,97.08,0.698,0.063,11186
