speaker_name,speaker_gender,syll_per_sec_median,syll_per_sec_mean,syll_per_sec_iqr,syll_per_sec_std,syll_per_sec_active_median,syll_per_sec_active_mean,chars_per_sec_median,chars_per_sec_mean,chars_per_sec_iqr,chars_per_sec_std
Aksara,male,4.633,4.674,0.98,0.801,7.623,7.668,13.281,13.449,3.29,2.533
Dipa,male,5.288,5.27,1.082,0.753,7.317,7.379,14.732,14.841,3.393,2.542
Gita,female,5.625,5.654,1.165,0.826,7.975,8.037,16.098,16.338,3.342,2.478
Kavi,male,5.469,5.442,1.099,0.882,6.997,7.016,15.909,15.938,3.935,2.935
Nanda,male,5.357,5.359,1.021,0.784,7.273,7.31,15.104,15.162,3.139,2.424
Pasada,female,4.545,4.538,1.016,0.737,6.863,6.871,13.04,13.097,3.111,2.298
Piya,male,5.882,5.927,0.781,0.714,8.046,8.125,17.5,17.513,2.778,2.344
Sadda,male,5.0,4.989,0.923,0.647,7.353,7.406,14.214,14.141,2.716,2.093
Sara,female,5.556,5.577,0.89,0.715,7.442,7.478,16.146,16.163,3.002,2.298
Siri,female,5.729,5.715,1.042,0.81,7.26,7.284,16.132,16.106,3.335,2.458
Suta,male,5.804,5.76,1.597,1.125,8.289,8.414,16.848,16.743,4.67,3.467
Tara,male,5.04,5.048,0.863,0.641,7.108,7.128,14.583,14.65,2.674,2.111
Wasa,female,4.605,4.617,0.772,0.604,6.593,6.635,13.636,13.669,2.5,1.967
