speaker_name,speaker_gender,mean_total_dur_sec,median_total_dur_sec,mean_active_dur_sec,median_active_dur_sec,mean_pause_dur_sec,median_pause_dur_sec,sec_per_char_median,sec_per_char_mean,sec_per_syll_median,sec_per_syll_mean,active_ratio_mean
Aksara,male,3.032,2.72,1.848,1.665,1.184,1.04,0.0753,0.0771,0.2158,0.2206,0.609
Dipa,male,2.13,2.08,1.533,1.435,0.597,0.53,0.0679,0.0695,0.1891,0.1939,0.714
Gita,female,4.303,4.32,3.007,3.04,1.296,1.22,0.0621,0.0627,0.1778,0.1808,0.703
Kavi,male,3.316,3.2,2.537,2.52,0.78,0.69,0.0629,0.0652,0.1829,0.1892,0.775
Nanda,male,3.4,3.2,2.484,2.36,0.916,0.84,0.0662,0.0678,0.1867,0.191,0.733
Pasada,female,4.439,4.48,2.896,2.91,1.544,1.43,0.0767,0.0788,0.22,0.2265,0.66
Piya,male,2.86,2.72,2.091,1.99,0.77,0.73,0.0571,0.0582,0.17,0.1714,0.731
Sadda,male,3.127,3.04,2.103,2.065,1.023,0.94,0.0704,0.0724,0.2,0.204,0.674
Sara,female,4.062,4.16,3.018,3.01,1.044,1.015,0.0619,0.0632,0.18,0.1824,0.746
Siri,female,2.203,2.08,1.728,1.7,0.476,0.43,0.062,0.0637,0.1745,0.1787,0.785
Suta,male,2.292,2.08,1.579,1.43,0.713,0.57,0.0594,0.0628,0.1723,0.1815,0.686
Tara,male,3.586,3.36,2.54,2.45,1.047,0.97,0.0686,0.0698,0.1984,0.2015,0.708
Wasa,female,3.5,3.52,2.44,2.45,1.06,1.01,0.0733,0.0748,0.2171,0.2205,0.696
