speaker_name,speaker_gender,mfcc_mean_1,mfcc_mean_2,mfcc_mean_3,mfcc_mean_4,mfcc_mean_5,mfcc_mean_6,mfcc_mean_7,mfcc_mean_8,mfcc_mean_9,mfcc_mean_10,mfcc_mean_11,mfcc_mean_12,mfcc_mean_13,mfcc_std_1,mfcc_std_2,mfcc_std_3,mfcc_std_4,mfcc_std_5,mfcc_std_6,mfcc_std_7,mfcc_std_8,mfcc_std_9,mfcc_std_10,mfcc_std_11,mfcc_std_12,mfcc_std_13
Aksara,male,-476.553,87.0226,-9.043,31.3994,6.6346,-6.1866,4.531,4.6699,-5.4637,1.353,-4.468,-10.6651,-2.7753,154.0574,67.5272,25.9415,31.1955,19.4428,18.7896,14.4688,13.0069,12.4358,13.9084,13.0079,13.5667,11.1416
Dipa,male,-473.2869,107.3378,-10.1174,54.7071,-15.607,5.6133,6.7993,-9.2628,5.4772,-11.1728,6.9213,-7.0377,-8.0219,186.7863,78.8931,43.9352,45.3654,31.8555,20.6109,19.3688,22.3678,13.1416,19.4256,11.6451,13.3348,13.7918
Gita,female,-447.2332,80.9441,-93.2052,21.3928,-15.7952,-34.7365,6.3517,-8.013,-15.4225,-18.19,-10.13,-16.7901,2.7188,120.2942,51.4797,48.1893,31.0179,23.6843,29.6161,14.9258,16.5012,13.9551,14.8664,12.8053,14.5327,10.6525
Kavi,male,-419.2455,110.2148,-10.1037,34.0102,2.2024,-10.0616,15.032,-16.7668,-4.4952,-5.9674,-7.0788,-12.3944,-0.6276,142.619,81.3989,40.8174,43.2108,26.8925,20.7367,19.8328,17.6868,15.8123,16.0809,12.3441,13.6278,11.079
Nanda,male,-423.5841,120.9479,-30.7077,46.5043,-6.1088,-11.3688,15.2631,-18.7023,14.663,-8.5683,-14.4091,10.6176,-18.1189,130.3823,62.3559,33.7384,39.9601,26.2332,21.1466,18.3677,22.9278,14.6207,17.2029,17.3934,12.0832,14.8167
Pasada,female,-526.7782,54.7822,7.7664,31.6329,-23.5474,14.5538,2.4944,3.6306,-8.0378,-16.1432,-6.2777,-21.4938,3.3258,139.6133,64.3711,36.0817,38.7977,31.3546,23.5732,17.8205,16.7257,15.5646,15.3829,13.2368,19.4034,10.9696
Piya,male,-426.2589,89.1029,22.9518,46.4967,-16.8827,0.2836,-4.2263,-10.9561,-13.8196,3.9426,-19.4952,-2.9975,-5.4921,153.2444,63.1332,34.3637,46.1417,26.69,22.9053,19.3681,17.9657,17.238,16.6883,15.5836,10.9877,10.2327
Sadda,male,-481.7543,115.4235,-5.4492,31.6845,-20.6805,-23.635,6.8494,-16.1234,-0.7134,-6.3635,-7.591,-20.9027,-12.5523,138.5028,80.8586,34.0685,36.2105,28.1955,24.8358,15.7025,18.5449,16.2231,15.3536,12.4696,14.0961,12.114
Sara,female,-548.6362,83.5572,-8.673,26.6984,-13.827,-5.425,-4.239,-9.831,-12.6691,-10.0303,-12.4801,-5.3698,-0.5643,132.7627,58.3531,44.3671,37.0211,30.8225,21.7385,17.9625,18.7994,15.2988,15.696,16.4611,15.5305,15.3192
Siri,female,-472.7748,131.6196,49.4989,22.7451,1.4849,-13.1394,-7.0591,-13.3823,-15.7551,-6.4662,-6.9711,-15.6443,-8.0821,118.7818,73.7759,52.3472,41.8209,22.5509,24.9146,19.3591,24.4783,23.8008,15.1116,17.0074,14.9264,14.0792
Suta,male,-441.3615,66.0092,16.1746,57.9707,-17.427,-1.9867,7.2192,-32.8708,-9.2242,3.034,17.8534,-11.799,-4.1474,143.8016,63.4652,34.2331,41.0379,29.5543,28.1336,17.3581,21.5767,14.4969,15.1056,17.5828,11.6152,13.3787
Tara,male,-538.3783,82.4173,1.8843,70.9981,3.0969,6.8214,21.3759,-2.0527,14.632,3.9226,-4.023,0.0455,0.8319,150.9853,72.8841,31.0299,42.8525,25.4064,23.2051,17.1045,19.348,15.0833,13.6034,15.1161,11.876,12.2468
Wasa,female,-522.533,67.1699,21.7857,47.0543,-8.1778,9.5011,2.692,-14.2696,-1.8792,-10.7155,-8.6916,-7.891,-1.6698,141.0477,59.5197,39.1711,33.619,22.6837,18.5752,15.1245,23.7501,15.156,18.6746,13.8062,14.6978,10.5635
