speaker_name,emb_0,emb_1,emb_2,emb_3,emb_4,emb_5,emb_6,emb_7,emb_8,emb_9,emb_10,emb_11,emb_12,emb_13,emb_14,emb_15,emb_16,emb_17,emb_18,emb_19,emb_20,emb_21,emb_22,emb_23,emb_24,emb_25,emb_26,emb_27,emb_28,emb_29,emb_30,emb_31,emb_32,emb_33,emb_34,emb_35,emb_36,emb_37,emb_38,emb_39,emb_40,emb_41,emb_42,emb_43,emb_44,emb_45,emb_46,emb_47,emb_48,emb_49,emb_50,emb_51,emb_52,emb_53,emb_54,emb_55,emb_56,emb_57,emb_58,emb_59,emb_60,emb_61,emb_62,emb_63,emb_64,emb_65,emb_66,emb_67,emb_68,emb_69,emb_70,emb_71,emb_72,emb_73,emb_74,emb_75,emb_76,emb_77,emb_78,emb_79,emb_80,emb_81,emb_82,emb_83,emb_84,emb_85,emb_86,emb_87,emb_88,emb_89,emb_90,emb_91,emb_92,emb_93,emb_94,emb_95,emb_96,emb_97,emb_98,emb_99,emb_100,emb_101,emb_102,emb_103,emb_104,emb_105,emb_106,emb_107,emb_108,emb_109,emb_110,emb_111,emb_112,emb_113,emb_114,emb_115,emb_116,emb_117,emb_118,emb_119,emb_120,emb_121,emb_122,emb_123,emb_124,emb_125,emb_126,emb_127,emb_128,emb_129,emb_130,emb_131,emb_132,emb_133,emb_134,emb_135,emb_136,emb_137,emb_138,emb_139,emb_140,emb_141,emb_142,emb_143,emb_144,emb_145,emb_146,emb_147,emb_148,emb_149,emb_150,emb_151,emb_152,emb_153,emb_154,emb_155,emb_156,emb_157,emb_158,emb_159,emb_160,emb_161,emb_162,emb_163,emb_164,emb_165,emb_166,emb_167,emb_168,emb_169,emb_170,emb_171,emb_172,emb_173,emb_174,emb_175,emb_176,emb_177,emb_178,emb_179,emb_180,emb_181,emb_182,emb_183,emb_184,emb_185,emb_186,emb_187,emb_188,emb_189,emb_190,emb_191
Aksara,0.13776180148124695,0.11460016667842865,0.05586666241288185,0.060324449092149734,0.159966379404068,-0.06131957471370697,-0.1336439847946167,0.14183670282363892,-0.021050743758678436,0.08707650750875473,0.008671790361404419,0.1305992305278778,0.13651838898658752,0.07237174361944199,0.12487537413835526,0.1146165132522583,0.03587520495057106,-0.002630294533446431,0.007902364246547222,-0.022599123418331146,-0.05037335306406021,-0.010982046835124493,-0.12959012389183044,0.07449096441268921,-0.11158162355422974,-0.08890377730131149,-0.03873009979724884,0.09292095899581909,-0.07592546194791794,0.05594832822680473,-0.02124694548547268,0.0699940174818039,-0.15370328724384308,0.10304276645183563,0.09996266663074493,0.011736853048205376,0.009446547366678715,-0.033799782395362854,0.04617016017436981,-0.045810870826244354,-0.005499703343957663,0.02794658951461315,0.005934429820626974,-0.0024178538005799055,0.07297995686531067,0.007302289828658104,0.0036639373283833265,-0.0578591525554657,-0.013161137700080872,0.03044559247791767,0.0389101579785347,0.015989094972610474,0.0395030714571476,0.09183228015899658,0.008130398578941822,-0.0411062091588974,-0.010908369906246662,0.09925130009651184,-0.06734859198331833,-0.07066909223794937,-0.11617589741945267,-0.004072931129485369,0.08313531428575516,-0.07922858744859695,0.024961508810520172,-0.028722593560814857,-0.006829589605331421,-0.0288776196539402,-0.020069198682904243,0.07184693962335587,0.00665837898850441,-0.007855493575334549,0.13418656587600708,0.04056701436638832,0.15295812487602234,-0.08309248089790344,0.025974994525313377,0.025973450392484665,0.0240310225635767,0.016865208745002747,-0.017574194818735123,-0.06716469675302505,0.15684781968593597,0.01091762911528349,0.02090226672589779,0.03438790515065193,-0.006562535651028156,-0.049246661365032196,0.028916286304593086,0.0536845438182354,-0.07295983284711838,-0.06628245115280151,0.0016855573048815131,-0.1097375676035881,-0.05220693722367287,0.04568931832909584,0.1015811413526535,0.06253372132778168,-0.062413815408945084,-0.09267368167638779,-0.09596918523311615,0.0902249664068222,0.03257077559828758,-0.008661988191306591,-0.09293045103549957,0.014752929098904133,-0.10201261937618256,0.04242676496505737,-0.10367580503225327,0.019134558737277985,0.006996667943894863,0.05330262705683708,-0.009694178588688374,-0.2559373676776886,0.0003471326781436801,0.09458892047405243,0.10816510766744614,0.004983773920685053,0.01787242479622364,0.034807056188583374,-0.12758512794971466,0.023117948323488235,0.0840320736169815,0.045640088617801666,0.01467080321162939,0.026700828224420547,0.015171037055552006,-0.00962836667895317,-0.02585812658071518,-0.17455734312534332,-0.03241672366857529,-0.04958667978644371,-0.045112475752830505,-0.06641192734241486,-0.05071384459733963,0.0270963404327631,0.12856927514076233,-0.036030903458595276,0.019633734598755836,-0.07503753900527954,-0.0534496083855629,0.0638677179813385,-0.11751659214496613,-0.10359343141317368,0.007553338538855314,0.057497840374708176,0.0389414057135582,0.04447472095489502,-0.048046793788671494,-0.01645727828145027,0.011871195398271084,-0.07549871504306793,0.12927153706550598,0.042073171585798264,0.004164303187280893,0.06611304730176926,-0.11263100057840347,-0.0599091462790966,-0.026193832978606224,-0.03684050217270851,0.09733119606971741,0.07828989624977112,0.13256539404392242,-0.0467287041246891,0.06066727638244629,-0.10345883667469025,-0.0321204736828804,-0.05962224677205086,-0.0027160539757460356,-0.04385395720601082,0.08232391625642776,-0.06072135269641876,0.07360262423753738,0.06650907546281815,-0.04919504001736641,-0.005468294490128756,0.03021460585296154,-0.08359889686107635,0.0753035843372345,-0.05345485359430313,0.012137078680098057,-0.028427252545952797,-0.007343043573200703,0.03327353298664093,-0.021742157638072968,-0.08053319156169891,-0.003734191181138158,-0.04634874686598778,0.019662266597151756,-0.015706943348050117,-0.19902311265468597,-0.0414198637008667
Dipa,0.06360337138175964,0.10916442424058914,-0.017379898577928543,-0.08470843732357025,0.04934211075305939,0.008996675722301006,-0.14380796253681183,-0.06561408191919327,0.03674915432929993,0.09904740750789642,-0.0026795025914907455,0.025840073823928833,-0.07862941920757294,0.14679086208343506,-0.030955519527196884,0.09674866497516632,-0.03447418287396431,0.10497627407312393,0.12744367122650146,0.0317988321185112,-0.11803243309259415,-0.1190096065402031,0.026548516005277634,-0.006937098223716021,-0.07718036323785782,-0.10627807676792145,-0.05231180042028427,0.1547483205795288,0.060140956193208694,-0.08262114226818085,-0.09945656359195709,-0.021319817751646042,0.021283090114593506,0.04008931294083595,-0.07284996658563614,0.09826474636793137,0.0721820667386055,-0.055200304836034775,-0.009116663597524166,0.056434594094753265,-0.0857735201716423,0.008741972967982292,0.08316085487604141,0.03798161819577217,0.06978807598352432,-0.035954345017671585,-0.05592541769146919,-0.06934722512960434,-0.08392713218927383,0.018763728439807892,0.003048964776098728,-0.05862158164381981,0.021010205149650574,-0.06647200882434845,-0.004675135016441345,-0.03274445980787277,0.052634283900260925,-0.013317609205842018,0.043185945600271225,-0.12253637611865997,0.056436844170093536,0.0049597956240177155,0.004927184898406267,0.053618673235177994,-0.023011254146695137,-0.10154469311237335,0.01723615825176239,-0.0628337562084198,0.05500344932079315,-0.15564535558223724,-0.13971367478370667,-0.09558122605085373,0.102812759578228,-0.06293855607509613,0.13180813193321228,-0.07164613902568817,0.07388199120759964,-0.06875782459974289,0.02014761045575142,0.070277139544487,-0.030944878235459328,-0.14775125682353973,0.05847614258527756,0.039136797189712524,-0.002297583967447281,0.0664457455277443,0.12590351700782776,0.045224878937006,0.006743801757693291,0.05607672035694122,-0.06429336965084076,-0.0032634350936859846,-0.07851537317037582,-0.09029168635606766,-0.039328694343566895,0.05458248406648636,0.03854025527834892,0.028938358649611473,-0.037782490253448486,0.04320753738284111,-0.06290102750062943,0.03481130674481392,0.15467354655265808,-0.029808659106492996,-0.030230894684791565,0.04256034269928932,0.02200462855398655,0.010099626146256924,0.045923031866550446,0.036450836807489395,-0.005861787591129541,-0.061331626027822495,-0.03109818324446678,0.025677895173430443,-0.09581632167100906,0.07961809635162354,0.04837774112820625,-0.04017479345202446,0.19786617159843445,-0.008364210836589336,-0.014709465205669403,-0.013161509297788143,0.08367850631475449,0.13600122928619385,-0.017956078052520752,-0.04629134014248848,-0.045458726584911346,0.0390845350921154,0.1096707284450531,-0.10508611053228378,-0.009249871596693993,-0.03156625106930733,-0.06200084090232849,-0.032104138284921646,-0.014414552599191666,0.02113410457968712,0.08522696793079376,0.014328992925584316,0.03593957796692848,-0.09460769593715668,0.02278820425271988,0.19900746643543243,0.04782439023256302,-0.04654384404420853,-0.014947731979191303,0.1125221773982048,0.08736471831798553,0.0349581278860569,-0.01346601638942957,0.017994241788983345,-0.059335798025131226,-0.07578738778829575,-0.03906908631324768,0.13606011867523193,-0.09587665647268295,0.06256337463855743,-0.002998280804604292,-0.05354781076312065,-0.10096272826194763,-0.025561213493347168,-0.013325450010597706,-0.07107367366552353,0.006085410248488188,0.09814266860485077,0.06091758608818054,-0.006868877448141575,0.006256655789911747,-0.12831781804561615,-0.04969072714447975,0.09306162595748901,0.08956214040517807,-0.10883568972349167,0.12202167510986328,-0.0485350526869297,0.036957282572984695,-0.044556163251399994,0.00660070963203907,0.06155449151992798,0.016542138531804085,0.17060844600200653,-0.030410975217819214,-0.07548631727695465,0.07365092635154724,-0.08870240300893784,0.026074156165122986,-0.06996108591556549,0.03594990447163582,-0.09064043313264847,-0.0976216122508049,0.02212206833064556,-0.03549765422940254,0.012958087958395481
Gita,0.04902557283639908,0.0311209075152874,0.06057137995958328,-0.04482312500476837,-0.024438360705971718,-0.08487094193696976,-0.08291903138160706,-0.0013847887748852372,0.0008344142697751522,0.014774051494896412,-0.05386622995138168,0.03921967372298241,0.10938552767038345,0.041033655405044556,0.09501305967569351,0.1859496682882309,0.08975811302661896,-0.0409984327852726,-0.03559127822518349,-0.028822118416428566,-0.0315488837659359,-0.045987945050001144,0.05132119357585907,0.012094821780920029,-0.08715396374464035,-0.014928326942026615,-0.001854396308772266,0.08374302089214325,0.01113420445472002,-0.05016816034913063,-0.01475825347006321,0.040118057280778885,-0.07984566688537598,0.12333474308252335,-0.08146311342716217,0.02610880322754383,0.11041487008333206,-0.08496426790952682,0.16745755076408386,-0.021246248856186867,0.12187935411930084,0.05184629186987877,-0.02895461395382881,-0.03080390766263008,0.043947502970695496,-0.10742590576410294,0.07954851537942886,-0.012330389581620693,0.0617135725915432,0.02295299991965294,0.04817473888397217,0.03591715916991234,-0.07789728045463562,0.09971541911363602,0.0018210785929113626,-0.005190048832446337,-0.0649685338139534,0.05288798362016678,0.026273297145962715,-0.027959348633885384,0.034973811358213425,0.02736091800034046,-0.01857632026076317,0.07526805996894836,0.06687699258327484,-0.06862205266952515,-0.048601724207401276,0.04264220967888832,-0.12063618749380112,-0.0013329822104424238,0.02691214345395565,-0.07687907665967941,0.010222194716334343,-0.014440392144024372,0.0057402788661420345,0.05275752767920494,0.090626560151577,-0.006575214676558971,0.041133761405944824,0.11274845153093338,0.07865416258573532,0.014961304143071175,-0.1425345540046692,0.055706631392240524,0.020971249788999557,0.0403708852827549,-0.04276061803102493,-0.06870619207620621,0.06868806481361389,0.051079027354717255,-0.14777772128582,-0.04884276166558266,-0.04872753098607063,-0.02511228248476982,-0.026398975402116776,0.09256672114133835,0.06390555948019028,0.027441902086138725,-0.0764782652258873,0.01321428269147873,0.030756495893001556,0.010897071100771427,-0.03820977732539177,0.05596834048628807,-0.12106288224458694,-0.04639201611280441,-0.05863013118505478,-0.1620567888021469,0.016278937458992004,-0.010709136724472046,0.015486643649637699,-0.07714161276817322,0.009793771430850029,-0.03749385103583336,-0.061302103102207184,0.04006820544600487,0.06948010623455048,-0.004702351056039333,0.011676297523081303,-0.11696933954954147,-0.04986332729458809,0.09538879990577698,-0.004704057238996029,-0.0017812452279031277,0.0790802612900734,-0.06928949803113937,-0.057829078286886215,-0.11560466885566711,-0.09406659752130508,0.18714235723018646,-0.05138389393687248,-0.03255877643823624,-0.030487729236483574,0.06798611581325531,0.09012594819068909,-0.044049154967069626,0.08188631385564804,0.03387872874736786,0.04941033199429512,-0.004324734676629305,-0.02299366518855095,0.04376695677638054,-0.03288505598902702,-0.19181229174137115,0.004792470950633287,-0.006759608164429665,-0.031863968819379807,0.048638634383678436,0.08592446893453598,0.005220805760473013,-0.028347887098789215,-0.00711489375680685,0.005162083078175783,0.044050831347703934,0.02760721556842327,-0.17594940960407257,0.1431373804807663,-0.027606267482042313,0.022845854982733727,0.0569438636302948,0.058190252631902695,0.024536889046430588,-0.041044749319553375,-0.11123373359441757,0.07420026510953903,-0.07335752993822098,-0.1030859649181366,-0.0918453186750412,-0.03199392184615135,-0.039014413952827454,-0.09195522964000702,0.02386612817645073,0.26289060711860657,-0.06798984855413437,0.03975250944495201,0.06517265737056732,-0.11450833082199097,-0.06924770772457123,0.01267548929899931,0.09313337504863739,-0.16918013989925385,-0.09472540020942688,-0.04614827409386635,-0.10477259755134583,0.020456401631236076,0.0026620456483215094,0.03461023420095444,0.057575587183237076,-0.057692479342222214,-0.01669972576200962,0.18373502790927887,-0.023622311651706696
Kavi,0.08290264755487442,0.010667141526937485,0.08437103778123856,-0.08109232783317566,-0.009446327574551105,0.07636458426713943,-0.1519637554883957,0.0009321635006926954,-0.03947524353861809,0.020977705717086792,-0.006082650274038315,-0.016642777249217033,0.04857639595866203,0.10718505084514618,0.08432870358228683,0.1670706570148468,0.037355002015829086,0.061454370617866516,0.014109381474554539,-0.011640885844826698,-0.1205037459731102,-0.09740150719881058,-0.14059129357337952,0.014805636368691921,-0.09276629984378815,0.02932700142264366,-0.027152027934789658,0.13761939108371735,-0.024718649685382843,-0.023833436891436577,0.007292839232832193,-0.06335338950157166,0.02939227595925331,-0.04940371960401535,0.030465545132756233,-0.022334134206175804,0.04359433427453041,-0.07049036771059036,0.0253786351531744,-0.033365629613399506,0.06174086034297943,0.11109516024589539,-0.17262229323387146,-0.003263673046603799,-0.017750678583979607,-0.0007393239066004753,0.06635545939207077,0.06403988599777222,0.05417851358652115,-0.04078391566872597,0.010516518726944923,-0.02791033871471882,-0.14529964327812195,0.09446879476308823,-0.0057250033132731915,-0.09774413704872131,0.09662841260433197,0.047308217734098434,0.027775567024946213,-0.026890002191066742,0.04869595542550087,0.0005913526401855052,-0.026430509984493256,0.010652990080416203,-0.18894325196743011,0.07578252255916595,-0.04750025272369385,-0.03627973794937134,0.02711176499724388,-0.06900057196617126,-0.1825627088546753,-0.03127412125468254,0.08683213591575623,0.0656844899058342,-0.04287654906511307,0.015096413902938366,0.14926424622535706,-0.07179873436689377,-0.03976655751466751,-0.032049208879470825,0.0028894662391394377,-0.05551731213927269,0.07818049192428589,0.05455195903778076,-0.031782932579517365,-0.011717299930751324,0.10853397101163864,0.021240297704935074,-0.20953619480133057,0.10932128131389618,-0.08662714809179306,-0.0716395154595375,0.008185130544006824,0.00860216747969389,-0.03192327171564102,0.04594636335968971,0.04898444190621376,0.08782971650362015,0.02950902096927166,-0.006633852608501911,-0.11012212932109833,-0.07036726921796799,-0.014332525432109833,-0.10678330808877945,-0.019371015951037407,0.024655811488628387,-0.008373784832656384,-0.03934849798679352,0.00596791785210371,0.11350269615650177,0.0090174600481987,-0.06134431064128876,0.0356019027531147,-0.0030291033908724785,-0.04534498602151871,0.08097674697637558,-0.04666948691010475,-0.01644907332956791,0.09753619879484177,-0.0032814594451338053,-0.05894628167152405,0.052446506917476654,0.023971695452928543,-0.025964686647057533,0.07170868664979935,0.029488088563084602,-0.0442119836807251,0.026285920292139053,-0.04623941332101822,-0.20106388628482819,-0.09889841079711914,-0.12675884366035461,0.06429677456617355,0.07168885320425034,-0.060385238379240036,-0.027001090347766876,0.09938709437847137,0.014389797113835812,-0.03222251683473587,-0.010901876725256443,-0.08687087148427963,0.14770150184631348,-0.020442601293325424,0.005960442125797272,0.09052298963069916,0.039720021188259125,0.1227564737200737,-0.05623595789074898,-0.12408199906349182,-0.002779640955850482,0.009172705933451653,-0.06549360603094101,-0.08188958466053009,-0.05790130794048309,-0.032245662063360214,-0.00442869495600462,-0.01496138982474804,-0.10104343295097351,0.04042471945285797,0.016426000744104385,0.04579908400774002,-0.060503873974084854,-0.023834949359297752,0.04643746837973595,0.04641737416386604,0.019520390778779984,-0.033622823655605316,-0.050574932247400284,-0.07273482531309128,0.05447967350482941,-0.01024567149579525,-0.06811889261007309,0.12984082102775574,-0.05796164274215698,0.050852879881858826,-0.00924889650195837,-0.036811333149671555,-0.038714971393346786,0.027596669271588326,-0.002939079189673066,0.057341545820236206,-0.10515544563531876,-0.07278771698474884,-0.05450691282749176,0.067011259496212,-0.09838090091943741,0.11941123008728027,-0.04680144041776657,-0.13509149849414825,0.08371154963970184,0.11400601267814636,-0.14993274211883545
Nanda,0.0395762138068676,-0.011790827848017216,-0.0023681113962084055,-0.004846284165978432,-0.049938369542360306,-0.05889975652098656,-0.08473886549472809,0.0030519883148372173,0.03627355769276619,0.07582169026136398,-0.029303133487701416,-0.016204582527279854,0.008335183374583721,0.08642996102571487,-0.06394663453102112,0.11539944261312485,0.022968700155615807,-0.0003362215938977897,0.03932821378111839,0.09036168456077576,-0.008355762809515,-0.07268765568733215,0.09055176377296448,-0.1270705759525299,-0.12894783914089203,-0.03560683876276016,-0.0705169141292572,0.22459694743156433,0.008189920336008072,-0.04548799991607666,-0.13353081047534943,0.01936221495270729,0.06860874593257904,-0.03469973802566528,-0.004042628686875105,-0.1052212193608284,0.12758538126945496,0.03861498087644577,-0.06759719550609589,0.11595990508794785,0.012025222182273865,-0.026044150814414024,-0.03767601400613785,-0.004235837608575821,-0.02038022130727768,-0.0008175856783054769,-0.013568086549639702,-0.05628027766942978,-0.09745599329471588,0.023324621841311455,0.061124447733163834,-0.05658102035522461,-0.050800666213035583,0.020246965810656548,-0.03867821767926216,-0.02250845357775688,0.030262261629104614,0.08142367005348206,0.10275010019540787,-0.004791233688592911,0.10880795121192932,-0.01471000537276268,0.05454280227422714,0.04296135902404785,0.06079162284731865,-0.12627308070659637,-0.004671657923609018,-0.0027260365895926952,0.15414023399353027,-0.12749464809894562,-0.02442406676709652,-0.009520597755908966,-0.03763160854578018,-0.1091667115688324,0.11379610002040863,-0.005174654070287943,0.040748581290245056,-0.09147416055202484,0.0581757128238678,0.024302097037434578,0.07178430259227753,-0.02352718450129032,0.13583531975746155,0.0019375025294721127,-0.028294803574681282,-0.021662477403879166,0.089497871696949,0.0027276426553726196,0.07428252696990967,0.04302993044257164,-0.03023025020956993,0.07792862504720688,0.0004083933599758893,-0.040158286690711975,-0.13579414784908295,-0.04762795940041542,0.08747469633817673,-0.017855504527688026,-0.15383949875831604,0.022087065503001213,-0.061566032469272614,-0.02664126455783844,0.006239431444555521,0.03020559623837471,-0.024564458057284355,0.03335101902484894,-0.04191216453909874,0.006411875132471323,0.1141938716173172,0.1113249734044075,-0.032913900911808014,-0.06902165710926056,0.011625169776380062,0.045047078281641006,0.003500957740470767,0.12484101951122284,0.04927251860499382,0.051655564457178116,0.10658518970012665,-0.05208773538470268,-0.03129703179001808,-0.058727093040943146,0.11749820411205292,0.10887007415294647,-0.06634703278541565,-0.022562416270375252,-0.043713901191949844,0.020111653953790665,0.025695644319057465,0.054514821618795395,-0.07444308698177338,-0.02779560536146164,-0.07416579127311707,0.06601817160844803,-0.04616490751504898,-0.1046307310461998,-0.025813434273004532,0.12819260358810425,0.03548737242817879,-0.03424827754497528,-0.09247088432312012,0.19498546421527863,-0.0002925646840594709,-0.08805375546216965,0.02549751102924347,0.09743157029151917,0.14874741435050964,-0.005350923165678978,-0.045538242906332016,0.03605658933520317,-0.0073699261993169785,-0.08277293294668198,0.07109583914279938,0.06631024181842804,0.004415545146912336,-0.04507442191243172,0.04980529472231865,-0.060272216796875,-0.019797803834080696,0.05085163936018944,0.08756928890943527,-0.022998299449682236,-0.019736019894480705,-0.0888347253203392,0.020079493522644043,-0.10380614548921585,-0.08858218044042587,-0.1500752866268158,0.007285874802619219,0.1239776536822319,-0.021063946187496185,-0.009814467281103134,0.09705259650945663,0.010926392860710621,0.13913419842720032,0.0048520853742957115,-0.07539870589971542,-0.006057829596102238,0.02838866040110588,-0.036787647753953934,0.12483314424753189,-0.025004249066114426,0.014684205874800682,0.09674388915300369,-0.043600913137197495,-0.02694898657500744,0.0884476900100708,-0.09035823494195938,1.0342550922359806e-06,0.23335035145282745,0.040769439190626144,0.06292520463466644
Pasada,-0.04349689558148384,0.09925296157598495,0.0124313123524189,-0.004810857120901346,0.012543070130050182,-0.0311094019562006,-0.09116210043430328,0.1005726233124733,-0.014893715269863605,-0.07382899522781372,0.035062436014413834,-0.006328029558062553,0.13761495053768158,0.035639688372612,0.10787295550107956,0.15149016678333282,-0.03769746795296669,0.07132595777511597,-0.04639274254441261,-0.06051577627658844,-0.04197196289896965,-0.07711122184991837,0.003810812719166279,0.008639334701001644,-0.08134759217500687,-0.03153028339147568,0.1410996913909912,-0.005750735756009817,-0.05998494103550911,-0.04150352627038956,-0.0065089319832623005,4.907731999992393e-05,0.008108275011181831,0.014973516575992107,0.07391753792762756,0.11881513893604279,0.07838217914104462,0.08029278367757797,0.07998562604188919,0.026477664709091187,0.12553668022155762,0.016376573592424393,-0.040420617908239365,0.00786757655441761,-0.021998049691319466,-0.08848199993371964,0.12778344750404358,0.007750139571726322,-0.03367718309164047,0.008943413384258747,0.06785468012094498,-0.014734898693859577,-0.06325504928827286,0.03578339144587517,0.0633750632405281,-0.1672433614730835,0.030757686123251915,0.16183051466941833,0.01514966320246458,-0.0845421627163887,0.03177999332547188,0.1261322796344757,-0.06602214276790619,0.09834310412406921,0.0068620541132986546,-0.04846333712339401,-0.041078537702560425,0.036882996559143066,-0.0010167534928768873,-0.007772153243422508,-0.1246553361415863,-0.030603235587477684,0.024944398552179337,-0.09375601261854172,0.057480718940496445,0.017272280529141426,0.0827876552939415,0.0054289065301418304,0.029654592275619507,-0.08477534353733063,-0.022612156346440315,-0.08656800538301468,-0.007818223908543587,0.04573051631450653,0.09540873020887375,-0.03963311389088631,-0.01445730496197939,0.030829239636659622,0.03914989158511162,0.0454474575817585,-0.03753384202718735,0.024038180708885193,-0.07868443429470062,0.02741357497870922,0.01980869099497795,0.11523443460464478,0.07090097665786743,-0.04187910631299019,-0.10588254034519196,-0.015406960621476173,-0.09158098697662354,-0.010531575419008732,0.11280102282762527,-0.022191358730196953,0.10516279935836792,0.03875279799103737,0.029243135824799538,0.015242177993059158,0.006939274724572897,0.04280069097876549,-0.003311867592856288,0.025013938546180725,-0.03581494092941284,-0.03754567354917526,-0.05576865375041962,0.028521478176116943,0.195836141705513,-0.01720498688519001,0.03554658964276314,-0.05238104984164238,-0.006978511344641447,-0.06286848336458206,0.04840999096632004,0.03848710656166077,0.002088997047394514,0.05557530000805855,-0.10517489910125732,-0.07968378812074661,-0.06993883848190308,0.0028762875590473413,-0.0006185159436427057,0.09199637174606323,-0.009296982549130917,-0.0034535382874310017,-0.0729263424873352,0.05132581666111946,0.14747095108032227,0.032000765204429626,0.1504916101694107,0.013716375455260277,-0.04185967147350311,-0.027939636260271072,-0.051038503646850586,-0.026576809585094452,-0.07145147770643234,-0.09943444281816483,0.03507118672132492,-0.08118323236703873,0.033143315464258194,-0.020719677209854126,0.17562776803970337,-0.012384037487208843,0.09806841611862183,0.06862924247980118,-0.13050371408462524,-0.12484553456306458,0.00119381386321038,0.02236514538526535,-0.10215288400650024,0.028018910437822342,0.05495024099946022,-0.17977195978164673,-0.005228322930634022,0.09476766735315323,0.011014683172106743,-0.0678391084074974,0.0030896165408194065,-0.057412825524806976,-0.1265658289194107,-0.15574988722801208,0.0368620902299881,-0.1365489512681961,0.0971565768122673,-0.12433034181594849,-0.030403094366192818,-0.030572010204195976,-0.12785421311855316,-0.06087419018149376,0.1140555739402771,0.05409259721636772,-0.017184840515255928,-0.14405976235866547,0.13060662150382996,0.006636257749050856,0.004058025311678648,-0.04232943430542946,-0.06710561364889145,0.026431428268551826,0.0379561185836792,0.1425546258687973,-0.037095971405506134,-0.02426414005458355
Piya,0.06805229932069778,0.09306500852108002,0.06844620406627655,0.005888568703085184,0.03882240876555443,-0.08808471262454987,-0.17089535295963287,0.13534390926361084,-0.0022337990812957287,0.0839599221944809,-0.01184828020632267,0.08354517072439194,0.16403374075889587,0.0044034370221197605,0.2321082353591919,0.02777755632996559,0.038108497858047485,0.027579760178923607,-0.007370687089860439,-0.00978860817849636,-0.030385015532374382,-0.07216644287109375,-0.026982834562659264,0.12070956081151962,-0.06854798644781113,-0.09323880821466446,-0.06422422081232071,0.009048422798514366,-0.054942160844802856,-0.025623051449656487,-0.08593760430812836,0.09121120721101761,0.03588607534766197,0.02945783920586109,0.11343471705913544,0.015851160511374474,0.0444042794406414,-0.006712554022669792,0.07915816456079483,-0.06276387721300125,0.08334251493215561,-0.06382082402706146,-0.09373897314071655,-0.03566419333219528,-0.001727388589642942,0.018429668620228767,0.014374141581356525,-0.01371853519231081,0.0234487596899271,-0.0036321550142019987,-0.03188389539718628,-0.039192136377096176,-0.030164329335093498,0.08541576564311981,0.03829752653837204,-0.08947432786226273,0.15132524073123932,0.05657333880662918,0.09794887155294418,-0.1540433019399643,0.006411471404135227,0.007518140133470297,0.026860469952225685,0.04597478732466698,-0.02682744897902012,0.09105724096298218,0.0006999275647103786,-0.0271888617426157,0.0376143641769886,-0.12195251137018204,-0.02873920276761055,-0.08243206888437271,0.00914847757667303,-0.012848828919231892,0.11524786055088043,-0.06773239374160767,0.11173316091299057,0.008222964592278004,0.003906511701643467,-0.03547262027859688,0.04272213578224182,-0.08363346755504608,0.14021074771881104,-0.006314655300229788,0.02575773000717163,-0.02641310915350914,0.015048271045088768,-0.032600730657577515,-0.1759498566389084,0.03508056327700615,-0.09298952668905258,-0.0616166852414608,-0.005194428842514753,0.10367373377084732,-0.06631526350975037,0.00020958931418135762,0.11929957568645477,0.003333259141072631,-0.022527478635311127,0.023895258083939552,0.007643007207661867,0.09640982002019882,0.0661325603723526,-0.14927887916564941,-0.059425752609968185,-0.05727151036262512,0.0326230525970459,0.0602208711206913,0.015156172215938568,0.0012324533890932798,0.04074171185493469,0.09095875173807144,-0.06085521727800369,-0.09064626693725586,0.0063247340731322765,0.06024569645524025,-0.04975252225995064,-0.03265450894832611,0.07321043312549591,0.03221166878938675,-0.04159407317638397,-0.015237471088767052,0.014889873564243317,0.028579698875546455,-0.005393339786678553,-0.06313378363847733,0.018602272495627403,0.06866683065891266,-0.12801893055438995,-0.17491000890731812,-0.020849091932177544,-0.033249564468860626,-0.0055678244680166245,-0.0028997838962823153,-0.0018213147995993495,0.042091839015483856,0.06626344472169876,-0.0821688175201416,-0.007501741871237755,-0.004280664958059788,-0.0772106871008873,0.1331980675458908,-0.07394513487815857,-0.04790836572647095,0.06611437350511551,0.010499141179025173,0.07966753095388412,-0.04112539067864418,0.02296590246260166,-0.05486234277486801,0.05858360975980759,-0.10693322122097015,-0.006801027338951826,0.06286075711250305,0.1820416897535324,-0.10974591970443726,-0.0750124454498291,-0.09344448894262314,0.07678665965795517,0.07186320424079895,0.08134254813194275,0.02314278483390808,-0.01809098571538925,0.023692306131124496,0.024870269000530243,0.0774574801325798,-0.11667817831039429,-0.11270783096551895,-0.04816308245062828,0.04506949335336685,0.1753622144460678,-0.06430584192276001,0.0941072329878807,0.03291352093219757,-0.001041887910105288,-0.054850686341524124,-0.1457151621580124,-0.05265552178025246,0.11139161139726639,0.005306885112076998,0.07868167757987976,-0.13883621990680695,0.012228980660438538,0.04335326701402664,-0.05430946499109268,0.04761877283453941,0.049987584352493286,-0.0043786317110061646,0.03892116993665695,-0.015476840548217297,-0.0417591854929924,-0.046450283378362656
Sadda,0.07926138490438461,-0.0002461805415805429,0.047555532306432724,0.1187693327665329,0.008842337876558304,-0.03347727656364441,-0.19677631556987762,0.04547976702451706,0.03890356048941612,0.06850552558898926,0.05179295688867569,0.07596523314714432,0.03609803691506386,0.09424527734518051,0.04540909081697464,0.1290501207113266,-0.0342651903629303,-0.006077241618186235,0.010985616594552994,-0.013360016979277134,0.04580017551779747,-0.08937735855579376,-0.10749568790197372,-0.004949436988681555,-0.0849379226565361,0.008571729063987732,0.022503545507788658,0.07631766051054001,-0.03300689533352852,-0.07002371549606323,-0.02666598930954933,-0.006165455095469952,0.016576694324612617,0.025768406689167023,0.04881759732961655,0.09200730919837952,-0.025123316794633865,0.013093389570713043,0.08280400186777115,-0.04151269048452377,0.11224577575922012,0.0733909159898758,-0.06108921766281128,0.07574595510959625,0.044603075832128525,-0.014075948856770992,-0.03800497576594353,0.009911667555570602,0.10794205218553543,-0.06368695199489594,0.059555765241384506,-0.049620576202869415,-0.02364366501569748,0.037647098302841187,0.05509505420923233,-0.032409779727458954,0.1516735702753067,0.0349096842110157,-0.01963667757809162,-0.013494220562279224,0.026958392933011055,0.04211504012346268,-0.017143696546554565,0.018155401572585106,-0.0957162007689476,0.025760719552636147,-0.08123447000980377,0.008326572366058826,-0.03111872263252735,-0.07997460663318634,-0.11577730625867844,-0.009911707602441311,0.06412376463413239,0.03424912691116333,0.06466260552406311,-0.05584500730037689,0.1241115927696228,-0.1042700856924057,0.030901405960321426,-0.08640231192111969,0.07053100317716599,-0.055883679538965225,0.05195264145731926,-0.006328803487122059,-0.05879829078912735,-0.060967642813920975,-0.03352493792772293,0.006235999055206776,-0.1365007758140564,0.061711635440588,-0.06060609966516495,-0.09417805820703506,0.0333697684109211,-0.05314863845705986,0.05796021595597267,0.10188429802656174,0.14207369089126587,0.06770335137844086,-0.020533692091703415,0.023389123380184174,-0.21981313824653625,-0.00448007695376873,0.14401037991046906,0.04294006526470184,0.024271098896861076,-0.06026354432106018,-0.0003417524276301265,0.02409423142671585,-0.0022989348508417606,0.045848943293094635,0.06357918679714203,0.025918325409293175,-0.029650503769516945,-0.13326455652713776,-0.11405947804450989,-0.04048854485154152,0.09123217314481735,-0.03001829981803894,0.10232344269752502,-0.0004926751716993749,-0.08753208816051483,0.013409318402409554,0.050613705068826675,-0.007092867977917194,0.06080842390656471,0.02203555405139923,-0.13935549557209015,-0.004042068962007761,-0.07984032481908798,-0.12896032631397247,-0.007808238733559847,0.0013151750899851322,0.07583475112915039,-0.016765940934419632,-0.06252478063106537,-0.05869277939200401,0.08721984177827835,0.0166297797113657,-0.019261285662651062,-0.01873333938419819,-0.048469338566064835,0.1582876592874527,0.016750771552324295,0.039068300276994705,0.16895827651023865,-0.029723642393946648,0.19846510887145996,0.04594292864203453,-0.06676608324050903,-0.0010035758605226874,-0.004802392330020666,-0.03799602761864662,0.038578882813453674,0.026913609355688095,0.08136443048715591,0.0819944366812706,-0.026689419522881508,-0.04002337530255318,-0.012743709608912468,0.08925820142030716,0.018673887476325035,0.0822777971625328,-0.009591535665094852,0.06265941262245178,0.09997367858886719,-0.09611830115318298,-0.1208508089184761,-0.06435452401638031,-0.10859719663858414,0.029276208952069283,0.10603944957256317,-0.06700379401445389,0.15712551772594452,-0.1232924833893776,0.026818664744496346,-0.04019016772508621,-0.03407496213912964,0.004975542891770601,0.1349651962518692,-0.11198144406080246,0.01217649132013321,-0.1348697990179062,0.0816880464553833,-0.028560908511281013,0.04401319473981857,-0.06356767565011978,0.059386853128671646,0.0002884413115680218,-0.09136581420898438,0.0016828186344355345,-0.011159210465848446,-0.12571316957473755
Sara,0.026811813935637474,0.05214298889040947,0.018030811101198196,0.014715137891471386,0.015271637588739395,-0.03662610799074173,-0.07160574942827225,-0.015170110389590263,-0.07754441350698471,0.043867938220500946,-0.02210080437362194,0.012689975090324879,0.27446916699409485,0.06275466084480286,0.15539056062698364,0.178471639752388,0.025561394169926643,0.05602772533893585,-0.034219324588775635,-0.012651442550122738,-0.14481966197490692,-0.025674572214484215,-0.022518903017044067,-0.013779336586594582,-0.14718861877918243,-0.06612713634967804,-0.037493519484996796,0.005303181707859039,-0.016993045806884766,-0.09633766859769821,-0.029104476794600487,0.05743357911705971,-0.005309343803673983,0.06577906757593155,-0.004900554660707712,-0.0701906681060791,0.01532496977597475,0.003784919623285532,0.15494608879089355,-0.1083972379565239,-0.03319135680794716,0.16285724937915802,-0.15237054228782654,-0.07978393882513046,-0.004406000953167677,0.006737093906849623,0.07365300506353378,-0.050896432250738144,0.11173646152019501,-0.04193289205431938,0.14355134963989258,-0.050987232476472855,-0.09898106753826141,0.06100447103381157,-0.03598574176430702,0.0014046533033251762,0.005915715824812651,0.03648187965154648,0.04024865850806236,-0.09815843403339386,-0.007891276851296425,0.05885970592498779,0.00557106826454401,-0.015086225233972073,-0.017006823793053627,-0.08985498547554016,0.03339849412441254,0.002229337114840746,-0.12768782675266266,-0.14056439697742462,0.01669626496732235,-0.07954797148704529,0.03717206045985222,-0.05265489220619202,-0.020160645246505737,0.05229426175355911,0.08020313084125519,-0.029554283246397972,0.053464487195014954,0.07564816623926163,-0.04103170707821846,-0.0587213858962059,0.07203207910060883,0.07905068248510361,0.023292936384677887,-0.028779475018382072,0.08268469572067261,0.0251326784491539,-0.032109882682561874,0.06964122503995895,-0.019912008196115494,-0.05270874500274658,-0.01959771290421486,-0.07687268406152725,0.057008739560842514,0.09433221071958542,0.09166645258665085,-0.05759144201874733,-0.08922014385461807,-0.05383732542395592,0.04196075722575188,0.014738626778125763,0.03540191799402237,-0.028035569936037064,-0.0289996899664402,-0.09014660120010376,-0.03554625064134598,-0.04623212292790413,0.03373190760612488,0.016126802191138268,0.0014265916543081403,-0.03058759681880474,-0.0017164374003186822,-0.0735318660736084,0.03438534960150719,0.055491503328084946,0.048549141734838486,0.005369458347558975,0.09925372898578644,-0.0426909439265728,-0.015456970781087875,0.044660985469818115,-0.1020561084151268,0.06847256422042847,0.11547078937292099,-0.09840111434459686,-0.15920452773571014,-0.07217283546924591,-0.04555230960249901,0.033932775259017944,0.085471972823143,0.010766313411295414,0.024356529116630554,0.1233084574341774,-0.014468827284872532,0.06305930763483047,0.08911995589733124,-0.0567319318652153,0.017465684562921524,0.02932949736714363,-0.05368075892329216,-0.07485944777727127,-0.0482395738363266,-0.18348079919815063,0.07587720453739166,0.04745771735906601,0.04631994292140007,-0.0751848965883255,-0.08213545382022858,0.06605051457881927,0.08177021890878677,-0.05284559726715088,0.07158733159303665,0.027762245386838913,0.027200210839509964,-0.13512061536312103,0.08215600252151489,-0.139570951461792,-0.11304700374603271,0.09712685644626617,0.06332401186227798,0.006745960563421249,0.02899687923491001,0.01906691864132881,0.1376587450504303,-0.11962394416332245,0.02983754500746727,0.012668020091950893,-0.056248802691698074,0.04194740578532219,0.051842741668224335,-0.08736666291952133,0.07770334184169769,-0.05356248468160629,0.02805131860077381,0.023463942110538483,-0.06902182847261429,-0.031477414071559906,0.1050356924533844,0.13532905280590057,-0.03001895733177662,-0.12730921804904938,0.009061746299266815,-0.028389960527420044,0.06747262924909592,-0.00136463379021734,0.0005347563419491053,-0.07536762207746506,0.03226223960518837,0.06606040149927139,0.04302455484867096,0.018014786764979362
Siri,0.029123492538928986,0.011277232319116592,-0.04738206788897514,0.06611057370901108,0.040227241814136505,0.11738543212413788,0.05958962440490723,-0.0009506556089036167,-0.09702359139919281,0.014611653052270412,0.018202004954218864,-0.06691066920757294,0.16133524477481842,-0.07362177222967148,0.03655393794178963,0.00310851470567286,0.01122970599681139,-0.025047337636351585,-0.07095548510551453,-0.005666476208716631,-0.10278096050024033,0.045808590948581696,0.009838271886110306,-0.007226755376905203,-0.02330823428928852,-0.05524078384041786,0.018525149673223495,0.09721024334430695,0.1094709113240242,-0.024881945922970772,0.03817969188094139,-0.07831720262765884,0.011522767134010792,0.03256748989224434,0.03322270140051842,0.00674861017614603,0.15728478133678436,0.13964462280273438,-0.08263862133026123,-0.0058350712060928345,0.019307473674416542,-0.0054258438758552074,0.014074445702135563,0.10679439455270767,-0.09643115103244781,-0.06865344196557999,-0.045863233506679535,-0.042417388409376144,-0.06228819116950035,-0.1218186765909195,0.02938930131494999,-0.05539347231388092,0.1036640927195549,-0.08707918226718903,-0.007117569446563721,-0.08408036828041077,0.009539468213915825,0.08445239067077637,0.007335880771279335,-0.02210680954158306,-0.021135399118065834,-0.0019849087111651897,-0.1422269344329834,-0.21111896634101868,0.08311688154935837,-0.010510960593819618,0.1102445051074028,-0.031017517670989037,-0.1494334191083908,0.09531953185796738,-0.1067696064710617,0.05089015141129494,-0.02485068328678608,-0.060063619166612625,0.007735586725175381,0.059238091111183167,0.026924675330519676,-0.07625389099121094,0.02689168229699135,0.056148383766412735,0.002254566876217723,0.014076804742217064,0.034376271069049835,0.04401848837733269,-0.062041278928518295,0.060389164835214615,0.02743181586265564,0.07324538379907608,0.02200881391763687,0.08292026817798615,-0.1339842677116394,-0.08153093606233597,-0.014785421080887318,0.07791633903980255,0.0617418996989727,-0.025275366380810738,-0.01631498895585537,-0.05456313118338585,-0.016468070447444916,-0.05443883687257767,-0.10667282342910767,0.02010638639330864,-0.01755620911717415,-0.08300988376140594,0.060560811311006546,0.03315895423293114,0.046286873519420624,-0.01685960963368416,0.09747019410133362,0.002568605588749051,-0.021542586386203766,0.027906842529773712,-0.04436485469341278,0.11331424117088318,-0.1259286105632782,0.02820673957467079,0.11288288980722427,-0.018928280100226402,0.1101280078291893,0.018041938543319702,-0.06640777736902237,0.02395235188305378,0.0852772668004036,0.005738161504268646,-0.09264069050550461,-0.06452180445194244,-0.09737948328256607,0.06966765969991684,0.02003532461822033,-0.06388379633426666,-0.009427697397768497,-0.015770364552736282,-0.11000492423772812,-0.13088533282279968,0.07388172298669815,0.07392816990613937,0.026152314618229866,0.011803112924098969,0.060952845960855484,-0.053365837782621384,-0.07296980917453766,0.07321473956108093,-0.09085558354854584,0.07343758642673492,0.0818113461136818,-0.03866162151098251,0.1339332014322281,0.027249058708548546,-0.019633950665593147,0.147463858127594,-0.009636349976062775,-0.09511379897594452,-0.041931115090847015,0.12930946052074432,-0.04924633726477623,-0.05655897408723831,0.1131400614976883,-0.0887933149933815,0.08389467000961304,-0.08134040981531143,-0.0967559888958931,0.10074854642152786,-0.06968533247709274,0.09114555269479752,0.08106747269630432,-0.14008697867393494,0.04389682039618492,0.1359991729259491,-0.061886679381132126,-0.035570092499256134,0.06583812832832336,-0.03215538710355759,0.045370157808065414,-0.05220118910074234,-0.07869584113359451,-0.057155951857566833,-0.07642645388841629,-0.021333279088139534,0.09099709242582321,-0.022450363263487816,-0.01218764390796423,0.001286018523387611,0.12041441351175308,-0.055604856461286545,0.08877336978912354,-0.08198637515306473,-0.003821391612291336,0.1066727563738823,-0.026453839614987373,-0.0055076004937291145,-0.12479586899280548,0.11812999844551086
Suta,0.09530369937419891,-0.04522046446800232,0.005034030880779028,0.07441429048776627,0.1302366852760315,-0.0497751422226429,-0.07708489894866943,0.019769517704844475,0.06512492895126343,0.07147163897752762,0.08860582858324051,-0.029501765966415405,-0.15036523342132568,0.014496288262307644,-0.011118504218757153,0.09754738956689835,0.0003485856286715716,-0.11315464973449707,0.10938359797000885,-0.03284427523612976,-0.11986325681209564,-0.02520972490310669,-0.00018868991173803806,-0.0740608349442482,0.03094395622611046,0.10859372466802597,-0.007087100762873888,0.14128288626670837,-0.0798865407705307,-0.12065897136926651,-0.021336954087018967,-0.03386308252811432,0.049134742468595505,-0.06012212112545967,-0.06392998993396759,-0.011347913183271885,0.14599522948265076,0.06524796038866043,-0.11995772272348404,-0.014469434507191181,-0.010578373447060585,-0.15099745988845825,0.10242635011672974,0.07323270291090012,-0.0010578678920865059,0.025701340287923813,-0.07525314390659332,-0.08286675810813904,-0.024817535653710365,-0.06573650985956192,0.07783760875463486,-0.05247748643159866,0.016116689890623093,0.04363246262073517,0.027177633717656136,-0.04919526353478432,0.02355373091995716,-0.0240702535957098,-0.02617471106350422,-0.1087370216846466,-0.013775194063782692,0.07547787576913834,0.0007726094336248934,-0.09137732535600662,0.11392079293727875,-0.040150970220565796,0.10347957909107208,-0.015542862936854362,0.11313486099243164,-0.03523019328713417,-0.08317380398511887,-0.061287399381399155,-0.08356217294931412,-0.11870592087507248,0.11325860023498535,-0.04680982977151871,0.054245203733444214,0.06010131537914276,-0.07292981445789337,0.10295886546373367,-0.02950756438076496,-0.13941362500190735,0.13009804487228394,0.06397952884435654,0.0505867563188076,-0.03356620669364929,0.07654833048582077,0.03660348430275917,-0.027906261384487152,0.11152616888284683,0.035526879131793976,0.01942913606762886,-0.095797099173069,-0.08073818683624268,-0.008675877004861832,-0.009563827887177467,0.052709899842739105,-0.0018694051541388035,-0.060437995940446854,-0.057057738304138184,-0.12520767748355865,-0.008763105608522892,0.04962494969367981,-0.014904726296663284,-0.11058265715837479,0.030175957828760147,0.02675602398812771,-0.060431551188230515,0.06536547094583511,0.09426028281450272,-0.020031530410051346,-0.01888023503124714,0.012220735661685467,-0.049268487840890884,-0.06237579882144928,0.0446731336414814,0.15667611360549927,-0.022985979914665222,0.09639324992895126,-0.04798496142029762,-0.013884052634239197,-0.018569471314549446,0.02343982830643654,0.03798728436231613,0.02127804607152939,-0.05905969440937042,-0.08697056770324707,-0.011045414954423904,0.06746408343315125,-0.10012511909008026,-0.01837315782904625,-0.06401824951171875,-0.12047747522592545,-0.0034051621332764626,-0.042226262390613556,-0.05791303887963295,0.13536354899406433,-0.02948877587914467,-0.014600768685340881,-0.06774669885635376,-0.05718100443482399,0.10918085277080536,0.008511724881827831,0.012866826727986336,0.030368169769644737,0.15875636041164398,-0.0017604532185941935,0.041849534958601,-0.06358911097049713,-0.02133902721107006,0.04871167615056038,-0.041939616203308105,0.025354944169521332,-0.007196540012955666,-0.02203289605677128,0.025269195437431335,0.004211146384477615,0.12606008350849152,-0.048916324973106384,-0.024385320022702217,0.06863445043563843,-0.05173465237021446,-0.022250959649682045,-0.05407223105430603,0.05228511244058609,0.0014339886838570237,-0.059008222073316574,-0.03863066807389259,0.056039974093437195,0.06218835338950157,0.15784497559070587,-0.17045870423316956,0.1235642358660698,-0.06551221013069153,0.01385769434273243,-0.11884362995624542,-0.0654081404209137,0.033223409205675125,-0.08151071518659592,0.16767215728759766,0.07022518664598465,-0.10467066615819931,0.0647188052535057,0.009149700403213501,-0.1505129486322403,0.0021943654865026474,0.055028852075338364,0.06250176578760147,0.027948882430791855,-0.02202841266989708,-0.07012894004583359,0.02601313404738903
Tara,0.06481651961803436,-0.04647077992558479,0.14969339966773987,0.10646068304777145,-0.06583784520626068,0.0497129000723362,-0.19711515307426453,0.1100599467754364,0.11165159940719604,0.0826946496963501,0.08925854414701462,0.08886446058750153,0.048259247094392776,0.013141194358468056,0.05820728465914726,0.0813932791352272,-0.030062232166528702,0.07866337150335312,0.04045335203409195,0.031743843108415604,-0.031208585947752,-0.07496964931488037,-0.08707989007234573,0.043768011033535004,0.01734847202897072,-0.03184835985302925,-0.05273495987057686,0.06129634752869606,0.04580915346741676,-0.052986420691013336,-0.0028711261693388224,-0.012822400778532028,0.015287413261830807,0.09412985295057297,0.055229805409908295,0.09445453435182571,-0.005816266406327486,-0.04673638939857483,0.04516901075839996,-0.14570772647857666,-0.024294903501868248,-0.08275418728590012,-0.06356097012758255,0.008908484131097794,-0.035667937248945236,-0.03026900440454483,0.03578251600265503,-0.09729596972465515,0.039124902337789536,0.011838027276098728,0.09634466469287872,0.009079492650926113,-0.05103188753128052,0.026924483478069305,-0.055937495082616806,-0.08288239687681198,0.034079913049936295,0.10319516807794571,-0.08968105912208557,0.04541384056210518,-0.0019238501554355025,0.011303143575787544,0.05811179801821709,0.05483023449778557,-0.05482246354222298,-0.09327191859483719,-0.08455970883369446,-0.0007826893124729395,-0.02358364313840866,-0.1149374321103096,0.010699561797082424,-0.11169198900461197,0.04387044534087181,0.022732803598046303,0.07935195416212082,-0.0668373703956604,0.10717593133449554,-0.04123885929584503,0.03349469229578972,0.025910934433341026,0.031911324709653854,-0.1005648672580719,0.18713775277137756,-0.05133695527911186,0.10060719400644302,-0.007026399485766888,0.005092616192996502,0.0107836052775383,-0.03675321489572525,-0.008591664023697376,-0.1362893432378769,0.03709737956523895,-0.08888325840234756,-0.07621228694915771,0.014575868844985962,0.03832203894853592,0.1159658432006836,-0.059253960847854614,-0.13077130913734436,-0.06657783687114716,-0.16222070157527924,0.024867458269000053,0.11136861145496368,0.016426805406808853,0.004918383900076151,0.03954257443547249,0.0006522171315737069,-0.013271517120301723,0.11549632996320724,0.040863316506147385,0.04651826247572899,0.11838900297880173,-0.0132960956543684,-0.15141898393630981,-0.010261623188853264,-0.009757757186889648,0.10292720049619675,0.0344279408454895,0.18366707861423492,-0.06645965576171875,-0.14229395985603333,-0.02548222616314888,0.017702365294098854,0.07456661760807037,0.0063746157102286816,0.009353338740766048,-0.07216881960630417,0.021668802946805954,-0.06872519850730896,-0.1384977400302887,0.028543435037136078,-0.021801762282848358,0.04972299933433533,-0.030553577467799187,-0.0919564738869667,0.044133905321359634,0.07640904188156128,-0.04044221341609955,-0.05859733000397682,-0.06975585967302322,-0.09291289746761322,0.1097491905093193,0.04027005657553673,-0.015076960436999798,0.06999602168798447,0.006691865622997284,0.22148612141609192,0.020919017493724823,-0.009999615140259266,-0.003135284408926964,0.07508949935436249,-0.03844565153121948,0.06485819816589355,-0.009232399985194206,0.1296703964471817,0.10810240358114243,0.004281935282051563,-0.012028261087834835,0.036343805491924286,0.032091058790683746,0.020858002826571465,-0.01849202625453472,-0.034911565482616425,-0.009950686246156693,-0.000984775717370212,-0.021873438730835915,-0.003104345640167594,-0.06244266778230667,-0.0748438611626625,0.06163765490055084,0.10215067118406296,-0.03704904019832611,0.08144300431013107,-0.09542170912027359,0.09998299926519394,0.04075384885072708,-0.008823717013001442,-0.07474251091480255,0.11838576942682266,-0.02716817334294319,0.03234199434518814,-0.12872561812400818,0.009369155392050743,-0.08712799102067947,-0.013203175738453865,-0.07621539384126663,0.12008295953273773,-0.011120665818452835,0.09618328511714935,0.007593883667141199,-0.022972743958234787,-0.016434740275144577
Wasa,-0.03783788904547691,0.03746708109974861,0.06952536106109619,0.016790026798844337,0.08303000032901764,0.07409825921058655,0.04644831642508507,-0.09129258990287781,-0.08764797449111938,-0.09646426141262054,0.07613138854503632,0.017587104812264442,0.15766377747058868,0.059429019689559937,0.1638612449169159,0.1266256421804428,-0.010324889793992043,0.06096826493740082,0.0150856152176857,-0.02143467776477337,-0.06142636761069298,-0.02928086183965206,-0.02852669544517994,-0.05853898450732231,-0.07750634104013443,-0.04316740855574608,0.05323520302772522,0.031722575426101685,-0.0003962490300182253,-0.0736837387084961,-0.055480051785707474,-0.007043443154543638,-0.011732527986168861,0.01303387712687254,-0.039670851081609726,-0.03336562588810921,0.037482596933841705,0.06984280049800873,-0.048098571598529816,-0.09215884655714035,-0.013653594069182873,0.10599610954523087,-0.05828918144106865,0.023658553138375282,-0.1010194793343544,-0.013741553761065006,0.07027945667505264,-0.1414659470319748,0.09620905667543411,-0.1540011614561081,0.017235174775123596,-0.10497961193323135,-0.11277354508638382,0.038331370800733566,0.042889952659606934,-0.1281890869140625,-0.04121823236346245,0.0338638573884964,-0.0010197358205914497,-0.03169482946395874,0.06745809316635132,0.07927066087722778,-0.08183550089597702,0.022419622167944908,0.06752993166446686,-0.040681734681129456,0.035295430570840836,-0.08190000057220459,0.034254975616931915,-0.09167258441448212,-0.051600679755210876,-0.09495587646961212,-0.028700701892375946,-0.12852147221565247,-0.038381773978471756,-0.054885637015104294,0.026015065610408783,-0.040656764060258865,0.06185629218816757,0.0631321519613266,-0.03415141999721527,-0.012297452427446842,0.11872641742229462,0.058916009962558746,0.052729249000549316,0.013888421468436718,0.04847084730863571,-0.02004443109035492,-0.029910000041127205,0.09350834041833878,-0.03693405166268349,0.0008720348705537617,-0.20409053564071655,0.02598586119711399,0.004585105460137129,0.04321708902716637,-0.04536086320877075,-0.06539992243051529,-0.09427745640277863,-0.03454245254397392,-0.07416437566280365,0.13197317719459534,-0.04631621763110161,-0.1258404403924942,0.07622352242469788,0.1296311914920807,-0.06366461515426636,-0.04043527692556381,0.005305636208504438,0.1417243778705597,0.011815551668405533,0.13004983961582184,0.057504937052726746,-0.07314272224903107,-0.10479806363582611,0.046951428055763245,0.05324763059616089,-0.029572393745183945,0.12759429216384888,-0.01965818740427494,-0.07805069535970688,-0.056730516254901886,0.04530131071805954,-0.07637426257133484,0.012604779563844204,-0.05575215443968773,-0.037786323577165604,0.12293866276741028,0.03325437381863594,-0.14014244079589844,-0.006040283944457769,0.1477685421705246,-0.09825445711612701,-0.0893130972981453,-0.06350252032279968,0.02900395356118679,0.04536181688308716,0.012898240238428116,0.04505723714828491,-0.02261137031018734,-0.04275577887892723,-0.024093881249427795,-0.046635571867227554,-0.10973615199327469,-0.013070156797766685,-0.0070568835362792015,0.06457225978374481,0.012548001483082771,0.04804294928908348,-0.02474377676844597,0.14657163619995117,-0.016597222536802292,0.05737641453742981,-0.0007900027558207512,-0.0027311756275594234,-0.011087445542216301,0.0829981118440628,-0.08265329152345657,-0.009590267203748226,0.06831923127174377,0.014823637902736664,0.09506460279226303,0.15933413803577423,-0.0250498428940773,0.015754353255033493,-0.07595238089561462,0.061728838831186295,-0.11222793161869049,-0.12934145331382751,0.0395023413002491,0.030422382056713104,-0.016385596245527267,0.053016409277915955,0.016034677624702454,0.04637403413653374,0.0928402990102768,-0.08688431233167648,-0.08127837628126144,0.060548484325408936,0.036770179867744446,-0.05671893432736397,-0.10891551524400711,0.038575466722249985,0.10081975162029266,0.12388569116592407,-0.11318889260292053,0.07544579356908798,-0.01592434197664261,0.062324631959199905,0.024543996900320053,0.026139726862311363,0.09295769780874252
