,Aksara,Dipa,Gita,Kavi,Nanda,Pasada,Piya,Sadda,Sara,Siri,Suta,Tara,Wasa
Aksara,0.0,0.7390649379688654,0.7695002052177782,0.7884071122015048,0.9283296819144431,0.5921257153598208,0.705065984052496,0.6283054765196779,0.8422286789580181,0.9094672234292193,0.8755789530248272,0.611103226420999,0.5913313133352757
Dipa,0.7390649379688654,0.0,0.8420715546079566,0.576042697639184,0.5964909680791693,0.6865499349672859,0.6532097683563944,0.6448039604705679,0.7566423040422994,0.7628257737489142,0.6023309985063965,0.6257610980032512,0.6620584040570731
Gita,0.7695002052177782,0.8420715546079566,0.0,0.7301486099766386,0.769672666613908,0.6685263331709477,0.7869476927554401,0.669410497992047,0.4575287762045774,0.7700008567409644,0.8239478401140631,0.8830529191845887,0.7550755606531445
Kavi,0.7884071122015048,0.576042697639184,0.7301486099766386,0.0,0.674632868983399,0.8232512328750645,0.5537200440217287,0.5115436245293601,0.7366558710503602,0.6969135498724495,0.7378079684227823,0.5764563689022599,0.8315571308941023
Nanda,0.9283296819144431,0.5964909680791693,0.769672666613908,0.674632868983399,0.0,0.9782089438224678,0.7565122283013215,0.6966505956673161,0.7212726465770238,0.8356189838968697,0.6734138279735834,0.6516947597231952,0.8107388095868475
Pasada,0.5921257153598208,0.6865499349672859,0.6685263331709477,0.8232512328750645,0.9782089438224678,0.0,0.7955038504043529,0.6436191583301812,0.6146259631420283,0.8145772845731687,0.8871889574829829,0.7473225972950375,0.4608320023917469
Piya,0.705065984052496,0.6532097683563944,0.7869476927554401,0.5537200440217287,0.7565122283013215,0.7955038504043529,0.0,0.7070423961577158,0.6907597300053698,0.7111043913824177,0.6118846713967414,0.6537030587622087,0.7810462093009916
Sadda,0.6283054765196779,0.6448039604705679,0.669410497992047,0.5115436245293601,0.6966505956673161,0.6436191583301812,0.7070423961577158,0.0,0.7410520126838035,0.778735335274974,0.7339473811246804,0.5457705039536097,0.7584481285559742
Sara,0.8422286789580181,0.7566423040422994,0.4575287762045774,0.7366558710503602,0.7212726465770238,0.6146259631420283,0.6907597300053698,0.7410520126838035,0.0,0.6383236406687289,0.8276979036940799,0.7884390286204787,0.6629769629208132
Siri,0.9094672234292193,0.7628257737489142,0.7700008567409644,0.6969135498724495,0.8356189838968697,0.8145772845731687,0.7111043913824177,0.778735335274974,0.6383236406687289,0.0,0.7915311028752008,0.9041306017814458,0.7434727678102343
Suta,0.8755789530248272,0.6023309985063965,0.8239478401140631,0.7378079684227823,0.6734138279735834,0.8871889574829829,0.6118846713967414,0.7339473811246804,0.8276979036940799,0.7915311028752008,0.0,0.6418407714876857,0.8680290855758308
Tara,0.611103226420999,0.6257610980032512,0.8830529191845887,0.5764563689022599,0.6516947597231952,0.7473225972950375,0.6537030587622087,0.5457705039536097,0.7884390286204787,0.9041306017814458,0.6418407714876857,0.0,0.6928583127201623
Wasa,0.5913313133352757,0.6620584040570731,0.7550755606531445,0.8315571308941023,0.8107388095868475,0.4608320023917469,0.7810462093009916,0.7584481285559742,0.6629769629208132,0.7434727678102343,0.8680290855758308,0.6928583127201623,0.0
