Pair,Combined Distance,Embedding Distance,MFCC Distance,Main Evidence
Gita ↔ Sara,0.458,0.503,0.853,ECAPA-TDNN Embedding + MFCC Spectral
Pasada ↔ Wasa,0.461,0.609,0.819,ECAPA-TDNN Embedding + MFCC Spectral
Kavi ↔ Sadda,0.512,0.409,0.902,ECAPA-TDNN Embedding + MFCC Spectral
Sadda ↔ Tara,0.546,0.379,1.279,MFCC Spectral + F0 Pitch
Kavi ↔ Piya,0.554,0.549,0.935,ECAPA-TDNN Embedding + MFCC Spectral
Kavi ↔ Tara,0.576,0.609,0.972,ECAPA-TDNN Embedding + MFCC Spectral
Dipa ↔ Kavi,0.576,0.626,0.784,ECAPA-TDNN Embedding + MFCC Spectral + F0 Pitch
Aksara ↔ Wasa,0.591,0.745,0.879,ECAPA-TDNN Embedding + MFCC Spectral
Aksara ↔ Pasada,0.592,0.748,0.996,ECAPA-TDNN Embedding + MFCC Spectral
Dipa ↔ Nanda,0.596,0.521,0.862,ECAPA-TDNN Embedding + MFCC Spectral + F0 Pitch
Dipa ↔ Suta,0.602,0.508,0.962,ECAPA-TDNN Embedding + MFCC Spectral + F0 Pitch
Aksara ↔ Tara,0.611,0.545,0.745,ECAPA-TDNN Embedding + MFCC Spectral + F0 Pitch
Piya ↔ Suta,0.612,0.793,0.885,ECAPA-TDNN Embedding + MFCC Spectral + F0 Pitch
Pasada ↔ Sara,0.615,0.582,0.645,ECAPA-TDNN Embedding + MFCC Spectral + F0 Pitch
Dipa ↔ Tara,0.626,0.629,0.95,ECAPA-TDNN Embedding + MFCC Spectral + F0 Pitch
Aksara ↔ Sadda,0.628,0.574,0.972,ECAPA-TDNN Embedding + MFCC Spectral + F0 Pitch
Sara ↔ Siri,0.638,0.872,0.798,ECAPA-TDNN Embedding + MFCC Spectral + F0 Pitch
Suta ↔ Tara,0.642,0.694,0.877,ECAPA-TDNN Embedding + MFCC Spectral + F0 Pitch
Pasada ↔ Sadda,0.644,0.634,1.047,ECAPA-TDNN Embedding + MFCC Spectral + F0 Pitch
Dipa ↔ Sadda,0.645,0.638,1.031,ECAPA-TDNN Embedding + MFCC Spectral + F0 Pitch
Nanda ↔ Tara,0.652,0.697,0.871,ECAPA-TDNN Embedding + MFCC Spectral + F0 Pitch
Dipa ↔ Piya,0.653,0.737,1.022,ECAPA-TDNN Embedding + MFCC Spectral
Piya ↔ Tara,0.654,0.517,1.031,ECAPA-TDNN Embedding + MFCC Spectral + F0 Pitch
Dipa ↔ Wasa,0.662,0.76,1.003,ECAPA-TDNN Embedding + MFCC Spectral
Sara ↔ Wasa,0.663,0.562,0.957,ECAPA-TDNN Embedding + MFCC Spectral + F0 Pitch
Gita ↔ Sadda,0.669,0.806,0.811,ECAPA-TDNN Embedding + MFCC Spectral + F0 Pitch
Gita ↔ Pasada,0.669,0.707,0.821,ECAPA-TDNN Embedding + MFCC Spectral + F0 Pitch
Nanda ↔ Suta,0.673,0.619,0.975,ECAPA-TDNN Embedding + MFCC Spectral + F0 Pitch
Kavi ↔ Nanda,0.675,0.72,1.0,ECAPA-TDNN Embedding + MFCC Spectral + F0 Pitch
Dipa ↔ Pasada,0.687,0.747,1.049,ECAPA-TDNN Embedding + MFCC Spectral
Piya ↔ Sara,0.691,0.623,1.145,ECAPA-TDNN Embedding + MFCC Spectral + F0 Pitch
Tara ↔ Wasa,0.693,0.657,1.029,ECAPA-TDNN Embedding + MFCC Spectral + F0 Pitch
Nanda ↔ Sadda,0.697,0.776,1.044,ECAPA-TDNN Embedding + MFCC Spectral + F0 Pitch
Kavi ↔ Siri,0.697,0.923,0.922,ECAPA-TDNN Embedding + MFCC Spectral + F0 Pitch
Aksara ↔ Piya,0.705,0.518,1.108,ECAPA-TDNN Embedding + MFCC Spectral
Piya ↔ Sadda,0.707,0.506,1.247,ECAPA-TDNN Embedding + MFCC Spectral + F0 Pitch
Piya ↔ Siri,0.711,0.94,0.942,ECAPA-TDNN Embedding + MFCC Spectral + F0 Pitch
Nanda ↔ Sara,0.721,0.776,1.09,ECAPA-TDNN Embedding + MFCC Spectral + F0 Pitch
Gita ↔ Kavi,0.73,0.79,1.102,ECAPA-TDNN Embedding + MFCC Spectral + F0 Pitch
Sadda ↔ Suta,0.734,0.764,1.081,ECAPA-TDNN Embedding + MFCC Spectral + F0 Pitch
Kavi ↔ Sara,0.737,0.63,1.464,ECAPA-TDNN Embedding + MFCC Spectral + F0 Pitch
Kavi ↔ Suta,0.738,0.829,1.213,ECAPA-TDNN Embedding + MFCC Spectral + F0 Pitch
Aksara ↔ Dipa,0.739,0.725,1.351,ECAPA-TDNN Embedding + MFCC Spectral
Sadda ↔ Sara,0.741,0.674,1.238,ECAPA-TDNN Embedding + MFCC Spectral + F0 Pitch
Siri ↔ Wasa,0.743,0.691,1.164,ECAPA-TDNN Embedding + MFCC Spectral
Pasada ↔ Tara,0.747,0.681,1.162,ECAPA-TDNN Embedding + MFCC Spectral + F0 Pitch
Gita ↔ Wasa,0.755,0.837,1.059,ECAPA-TDNN Embedding + MFCC Spectral + F0 Pitch
Nanda ↔ Piya,0.757,0.773,0.966,ECAPA-TDNN Embedding + MFCC Spectral + F0 Pitch
Dipa ↔ Sara,0.757,0.752,1.17,ECAPA-TDNN Embedding + MFCC Spectral + F0 Pitch
Sadda ↔ Wasa,0.758,0.787,1.3,ECAPA-TDNN Embedding + MFCC Spectral + F0 Pitch
Dipa ↔ Siri,0.763,0.811,1.231,ECAPA-TDNN Embedding + MFCC Spectral + F0 Pitch
Gita ↔ Siri,0.77,0.995,1.097,ECAPA-TDNN Embedding + MFCC Spectral + F0 Pitch
Gita ↔ Nanda,0.77,0.785,1.239,ECAPA-TDNN Embedding + MFCC Spectral + F0 Pitch
Aksara ↔ Gita,0.77,0.849,0.862,ECAPA-TDNN Embedding + MFCC Spectral + F0 Pitch
Sadda ↔ Siri,0.779,0.839,0.951,ECAPA-TDNN Embedding + MFCC Spectral + F0 Pitch
Piya ↔ Wasa,0.781,0.73,1.112,ECAPA-TDNN Embedding + MFCC Spectral + F0 Pitch
Gita ↔ Piya,0.787,0.838,1.305,ECAPA-TDNN Embedding + MFCC Spectral + F0 Pitch
Aksara ↔ Kavi,0.788,0.761,0.997,ECAPA-TDNN Embedding + MFCC Spectral + F0 Pitch
Sara ↔ Tara,0.788,0.656,1.323,ECAPA-TDNN Embedding + MFCC Spectral + F0 Pitch
Siri ↔ Suta,0.792,0.819,1.068,ECAPA-TDNN Embedding + MFCC Spectral + F0 Pitch
Pasada ↔ Piya,0.796,0.692,1.173,ECAPA-TDNN Embedding + MFCC Spectral + F0 Pitch
Nanda ↔ Wasa,0.811,0.768,1.109,ECAPA-TDNN Embedding + MFCC Spectral + F0 Pitch
Pasada ↔ Siri,0.815,0.792,1.199,ECAPA-TDNN Embedding + MFCC Spectral
Kavi ↔ Pasada,0.823,0.763,1.208,ECAPA-TDNN Embedding + MFCC Spectral + F0 Pitch
Gita ↔ Suta,0.824,0.969,1.167,ECAPA-TDNN Embedding + MFCC Spectral + F0 Pitch
Sara ↔ Suta,0.828,0.891,1.136,ECAPA-TDNN Embedding + MFCC Spectral + F0 Pitch
Kavi ↔ Wasa,0.832,0.738,1.347,ECAPA-TDNN Embedding + MFCC Spectral + F0 Pitch
Nanda ↔ Siri,0.836,0.921,1.004,ECAPA-TDNN Embedding + MFCC Spectral + F0 Pitch
Aksara ↔ Sara,0.842,0.687,1.22,ECAPA-TDNN Embedding + MFCC Spectral + F0 Pitch
Dipa ↔ Gita,0.842,0.87,1.463,ECAPA-TDNN Embedding + MFCC Spectral + F0 Pitch
Suta ↔ Wasa,0.868,0.797,1.184,ECAPA-TDNN Embedding + MFCC Spectral + F0 Pitch
Aksara ↔ Suta,0.876,0.746,1.303,ECAPA-TDNN Embedding + MFCC Spectral + F0 Pitch
Gita ↔ Tara,0.883,0.854,1.42,ECAPA-TDNN Embedding + MFCC Spectral + F0 Pitch
Pasada ↔ Suta,0.887,0.812,1.213,ECAPA-TDNN Embedding + MFCC Spectral + F0 Pitch
Siri ↔ Tara,0.904,0.905,1.345,ECAPA-TDNN Embedding + MFCC Spectral + F0 Pitch
Aksara ↔ Siri,0.909,0.897,1.348,ECAPA-TDNN Embedding + MFCC Spectral + F0 Pitch
Aksara ↔ Nanda,0.928,0.851,1.238,ECAPA-TDNN Embedding + MFCC Spectral + F0 Pitch
Nanda ↔ Pasada,0.978,0.82,1.636,ECAPA-TDNN Embedding + MFCC Spectral + F0 Pitch
